{"count":1,"self":3.5192448,"total":6.9834105,"children":{"AgentResetIfDone":{"count":291,"self":0.0040098999999999994,"total":0.0040098999999999994,"children":null},"AgentSendState":{"count":291,"self":0.0109714,"total":0.0229136,"children":{"CollectObservations":{"count":1455,"self":0.0119422,"total":0.0119422,"children":null}}},"DecideAction":{"count":291,"self":0.9178316,"total":0.9178316,"children":null},"AcademyStep":{"count":291,"self":0.0010007,"total":0.0010007,"children":null},"AgentAct":{"count":291,"self":2.5164016,"total":2.5164017,"children":null}}}